{
    "parent": "pack:root",
    "display": {
      "icon": {
        "id": "minecraft:potato",
        "components": {
          "minecraft:custom_model_data": 3
        }
      },
      "title": "Corrupt Potato",
      "description": {
        "text": "I sense a disturbance in the force...!",
        "color":"dark_purple"
      },
      "frame": "task",
      "show_toast": false,
      "announce_to_chat": true,
      "hidden": false
    },
    "criteria": {
      "Eat Corrupt Potato": {
        "trigger": "minecraft:consume_item",
        "conditions": {
          "item": {
            "items": "minecraft:potato",
            "components": {
              "minecraft:custom_model_data": 3
            }
          }
        }
      }
    },
    "rewards": {
      "function": "pack:corrupt_potato"
    }
  }
  