{
    "parent": "pack:root",
    "display": {
      "icon": {
        "id": "minecraft:potato",
        "components": {
          "minecraft:custom_model_data": 2
        }
      },
      "title": "Holy Potato",
      "description": {
        "text": "What! Are you a angel?",
        "color":"dark_purple"
      },
      "frame": "task",
      "show_toast": false,
      "announce_to_chat": true,
      "hidden": false
    },
    "criteria": {
      "Eat Holy Potato": {
        "trigger": "minecraft:consume_item",
        "conditions": {
          "item": {
            "items": "minecraft:potato",
            "components": {
              "minecraft:custom_model_data": 2
            }
          }
        }
      }
    },
    "rewards": {
      "function": "pack:holy_potato"
    }
  }
  