{
    "display": {
      "icon": {
        "id": "minecraft:potato",
        "components": {
          "minecraft:custom_model_data": 1
        }
      },
      "title": "Potato SMP",
      "description": {
        "text": "Start a brand new adventure by eating a Infused Potato!",
        "color": "gold"
      },
      "background": "minecraft:textures/block/polished_deepslate.png",
      "frame": "challenge",
      "show_toast": false,
      "announce_to_chat": true,
      "hidden": false
    },
    "criteria": {
      "Eat Infused Potato": {
        "trigger": "minecraft:consume_item",
        "conditions": {
          "item": {
            "items": "minecraft:potato",
            "components": {
              "minecraft:custom_model_data": 1
            }
          }
        }
      }
    },
    "rewards": {
      "function": "pack:infused_potato"
    },
    "sends_telemetry_event": false
  }
  