{
    "type": "minecraft:block",
    "pools": [
      {
        "rolls": {
          "min": 1,
          "max": 4
        },
        "entries": [
          {
            "type": "minecraft:item",
            "name": "minecraft:potato",
            "weight": 85,
            "conditions": [
                {
                    "condition": "random_chance",
                    "chance": 1.00
                }
            ]
          }
        ]
      },
      {
        "rolls": {
          "min": 1,
          "max": 2
        },
        "entries": [
          {
            "type": "minecraft:item",
            "name": "minecraft:potato",
            "weight": 5,
            "conditions": [
                {
                    "condition": "random_chance",
                    "chance": 0.05
                }
            ],
            "functions": [
              {
                "function": "minecraft:set_custom_model_data",
                "value": 1
              },
              {
                "function": "set_name",
                "name": {
                    "text": "Infused Potato",
                    "italic": false,
                    "bold": true,
                    "color": "gold"
                }
              },
              {
                "function": "set_lore",
                "mode": "replace_all",
                "lore": [
                    {
                        "text": " "
                    },
                    {
                        "text": "The infused Potato is said to be",
                        "bold":  false,
                        "italic": false,
                        "color": "white"
                    },
                    {
                        "text": "the first type of Infused Potato",
                        "bold": false,
                        "italic": false,
                        "color": "white"
                    },
                    {
                        "text": "ever. This specific Infused Potato",
                        "bold": false,
                        "italic": false,
                        "color": "white"
                    },
                    {
                        "text": "dosent have any abilitys, others do",
                        "bold": false,
                        "italic": false,
                        "color": "white"
                    }
                ]
              }
              
            ]
          }
        ]
      },
      {
        "rolls": {
          "min": 1,
          "max": 2
        },
        "entries": [
          {
            "type": "minecraft:item",
            "name": "minecraft:potato",
            "weight": 5,
            "conditions": [
                {
                    "condition": "random_chance",
                    "chance": 0.05
                }
            ],
            "functions": [
              {
                "function": "minecraft:set_custom_model_data",
                "value": 2
              },
              {
                "function": "set_name",
                "name": {
                    "text": "Holy Potato",
                    "bold": true,
                    "italic": false,
                    "color": "gold"
                }
              },
              {
                "function": "set_lore",
                "mode": "replace_all",
                "lore": [
                    {
                        "text": " "
                    },
                    {
                        "text": "The Holy Potato is a type of Infused",
                        "bold": false,
                        "italic": false,
                        "color": "white"
                    },
                    {
                        "text": "Potato, and it is said that it was created",
                        "bold": false,
                        "italic": false,
                        "color": "white"
                    },
                    {
                        "text": "from the most purest of Minecraft materials.",
                        "bold": false,
                        "italic": false,
                        "color": "white"
                    },
                    {
                        "text": "The Holy Potato has abilitys and the abilitys",
                        "bold": false,
                        "italic": false,
                        "color": "white"
                    },
                    {
                        "text": "are very good for healing from a massive PVP Fight!",
                        "bold": false,
                        "italic": false,
                        "color": "white"
                    },
                    {
                        "text": " "
                    },
                    {
                        "text": "Effects",
                        "bold": true,
                        "italic": false,
                        "color": "red"
                    },
                    {
                        "text": " "
                    },
                    {
                        "text": "Regeneration II",
                        "bold": true,
                        "italic": false,
                        "color": "white"
                    },
                    {
                        "text": "60 seconds",
                        "bold": false,
                        "italic": false,
                        "color": "gray"
                    },
                    {
                        "text": " "
                    },
                    {
                        "text": "Instant Health",
                        "bold": true,
                        "italic": false,
                        "color": "white"
                    },
                    {
                        "text": "Only Once",
                        "bold": false,
                        "italic": false,
                        "color": "gray"
                    }
                ]
              }
            ]
          }
        ]
      },
      {
        "rolls": {
          "min": 1,
          "max": 2
        },
        "entries": [
          {
            "type": "minecraft:item",
            "name": "minecraft:potato",
            "weight": 5,
            "conditions": [
                {
                    "condition": "random_chance",
                    "chance": 0.05
                }
            ],
            "functions": [
              {
                "function": "minecraft:set_custom_model_data",
                "value": 3
              },
              {
                "function": "set_name",
                "name": {
                    "text": "Corrupt Potato",
                    "bold": true,
                    "italic": false,
                    "color":"dark_purple"
                }
              },
              {
                "function": "set_lore",
                "mode": "replace_all",
                "lore": [
                    {
                        "text": " "
                    },
                    {
                        "text": "The Corrupt Potato is a type of Infused",
                        "bold": false,
                        "italic": false,
                        "color": "white"
                    },
                    {
                        "text": "Potato, and it is said that it was created",
                        "bold": false,
                        "italic": false,
                        "color": "white"
                    },
                    {
                        "text": "from very unstable of Minecraft materials.",
                        "bold": false,
                        "italic": false,
                        "color": "white"
                    },
                    {
                        "text": "The Corrupt Potato has abilitys and the abilitys",
                        "bold": false,
                        "italic": false,
                        "color": "white"
                    },
                    {
                        "text": "are told to infuse the consumer with Malice!",
                        "bold": false,
                        "italic": false,
                        "color": "white"
                    },
                    {
                        "text": " "
                    },
                    {
                        "text": "Effects",
                        "bold": true,
                        "italic": false,
                        "color": "red"
                    },
                    {
                        "text": " "
                    },
                    {
                        "text": "Strength II",
                        "bold": true,
                        "italic": false,
                        "color": "white"
                    },
                    {
                        "text": "60 seconds",
                        "bold": false,
                        "italic": false,
                        "color": "gray"
                    },
                    {
                        "text": " "
                    },
                    {
                        "text": "Speed II",
                        "bold": true,
                        "italic": false,
                        "color": "white"
                    },
                    {
                        "text": "60 seconds",
                        "bold": false,
                        "italic": false,
                        "color": "gray"
                    }
                ]
              }
              
            ]
          }
        ]
      }
    ]
  }
  